{"nodes":[{"name":"R1","type":"mx","index":0,"weight":4,"x":646.6930225331096,"y":171.1471125720927,"px":646.8241008375552,"py":171.06607592206805},{"name":"R2","type":"mx","index":1,"weight":3,"x":697.5197231157753,"y":135.1934678404908,"px":697.4138448118824,"py":135.24369552134436}],"links":[{"source":{"name":"R1","type":"mx","index":0,"weight":4,"x":646.6930225331096,"y":171.1471125720927,"px":646.8241008375552,"py":171.06607592206805},"target":{"name":"R2","type":"mx","index":1,"weight":3,"x":697.5197231157753,"y":135.1934678404908,"px":697.4138448118824,"py":135.24369552134436},"desc":"100Mbps","type":"normal","linknum":1}]}
