{"nodes":[{"name":"mx1","type":"mx","x":682.2773071691033,"y":208.73697225755174,"index":0,"weight":0,"px":682.2589692821209,"py":208.6455485940182},{"name":"mx2","type":"mx","x":622.4888359393153,"y":140.78191240228804,"index":1,"weight":0,"px":622.577180345258,"py":140.81174287145456},{"name":"mx3","type":"mx","x":711.2338709064273,"y":122.98111303819948,"index":2,"weight":0,"px":711.1638647678717,"py":123.04270617008457}],"links":[{"source":{"name":"mx1","type":"mx","x":682.2773071691033,"y":208.73697225755174,"index":0,"weight":0,"px":682.2589692821209,"py":208.6455485940182},"target":{"name":"mx2","type":"mx","x":622.4888359393153,"y":140.78191240228804,"index":1,"weight":0,"px":622.577180345258,"py":140.81174287145456},"desc":"test","type":"normal","linknum":1},{"source":{"name":"mx2","type":"mx","x":622.4888359393153,"y":140.78191240228804,"index":1,"weight":0,"px":622.577180345258,"py":140.81174287145456},"target":{"name":"mx3","type":"mx","x":711.2338709064273,"y":122.98111303819948,"index":2,"weight":0,"px":711.1638647678717,"py":123.04270617008457},"desc":"test2","type":"normal","linknum":1}]}
